rsid,chr,pos_GRCh38,alleles_ref_alt,r2_with_rs7528604_EUR
rs7528604,1,65941669,G/A/C,0.996
rs11208774,1,65944426,C/T,0.847
rs11208775,1,65944858,C/A/G/T,0.852
rs11208776,1,65946050,A/T,0.852
rs11208779,1,65951462,G/C/T,0.817
rs1937433,1,65978500,C/G/T,0.806
rs1937443,1,66003960,C/G,0.948
rs1937450,1,66013157,T/G,0.817
rs1937455,1,65951256,A/G,0.96
rs2186120,1,65987480,G/A,0.806
rs2186122,1,66004523,A/T,0.948
rs2310752,1,65926722,G/A/T,0.984
rs2310754,1,65937409,G/A/T,0.852
rs2310819,1,65974413,C/A/T,0.809
rs2503185,1,65995718,A/G/T,0.806
rs2997084,1,65928049,C/G,0.996
rs3009872,1,65945717,T/C/G,0.996
rs4255357,1,65934212,G/A/T,0.852
rs6421482,1,65954222,A/G/T,0.956
rs6690101,1,65948356,T/C,0.828
rs6690398,1,65981711,G/A/T,0.948
rs7519259,1,65969060,G/A,0.813
rs7534143,1,66004696,T/C/G,0.836
rs7547416,1,65953404,G/A/C,0.956
