tissue,rsid,position,min_p,beta,maf
Brain_Frontal_Cortex_BA9,rs11208779,65951462,0.00176637,0.180119,0.494286
Brain_Frontal_Cortex_BA9,rs6421482,65954222,0.00194458,0.183526,0.428571
Brain_Frontal_Cortex_BA9,rs7519259,65969060,0.00194744,0.179345,0.491429
Brain_Frontal_Cortex_BA9,rs6690398,65981711,0.00199727,0.183022,0.442857
Brain_Frontal_Cortex_BA9,rs1937455,65951256,0.00210989,-0.181689,0.428571
Brain_Frontal_Cortex_BA9,rs7547416,65953404,0.00220124,0.181865,0.431429
Brain_Frontal_Cortex_BA9,rs2186120,65987480,0.00238002,0.178066,0.48
Brain_Frontal_Cortex_BA9,rs2310819,65974413,0.00257238,0.17454,0.491429
Brain_Frontal_Cortex_BA9,rs1937433,65978500,0.00257238,0.17454,0.491429
Brain_Frontal_Cortex_BA9,rs2503185,65995718,0.00383766,-0.168762,0.494286
Brain_Frontal_Cortex_BA9,rs2186122,66004523,0.00622452,0.157942,0.442857
Brain_Frontal_Cortex_BA9,rs1937443,66003960,0.00629301,0.157399,0.428571
Brain_Frontal_Cortex_BA9,rs1937450,66013157,0.00694729,0.154802,0.482857
Brain_Frontal_Cortex_BA9,rs7534143,66004696,0.00762703,0.1537,0.485714
Brain_Frontal_Cortex_BA9,rs6690101,65948356,0.00880774,0.149487,0.497143
Brain_Frontal_Cortex_BA9,rs11208776,65946050,0.00880774,0.149487,0.497143
Brain_Frontal_Cortex_BA9,rs2310754,65937409,0.00974639,0.147976,0.5
Brain_Frontal_Cortex_BA9,rs11208775,65944858,0.00974639,0.147976,0.5
Brain_Frontal_Cortex_BA9,rs11208774,65944426,0.00974639,0.147976,0.5
Brain_Frontal_Cortex_BA9,rs4255357,65934212,0.00974639,0.147976,0.5
Brain_Frontal_Cortex_BA9,rs2997084,65928049,0.0209127,-0.13155,0.414286
Brain_Frontal_Cortex_BA9,rs3009872,65945717,0.0246079,-0.129648,0.411429
Brain_Frontal_Cortex_BA9,rs7528604,65941669,0.0246079,-0.129648,0.411429
Brain_Cortex,rs1937443,66003960,0.0417457,0.104545,0.402439
Brain_Cortex,rs6690398,65981711,0.0450891,0.10412,0.412195
Brain_Frontal_Cortex_BA9,rs2310752,65926722,0.0481728,-0.113179,0.408046
Brain_Cortex,rs3009872,65945717,0.048627,-0.104164,0.397561
Brain_Cortex,rs2997084,65928049,0.048627,-0.104164,0.397561
Brain_Cortex,rs7528604,65941669,0.048627,-0.104164,0.397561
Brain_Cortex,rs7547416,65953404,0.0491422,0.103279,0.402439
Brain_Cortex,rs6421482,65954222,0.0497892,0.102675,0.4
Brain_Cortex,rs2186122,66004523,0.0507833,0.0997116,0.414634
Brain_Cortex,rs2310752,65926722,0.0629938,-0.0993721,0.387805
Brain_Cortex,rs1937455,65951256,0.0631689,-0.0970862,0.4
Brain_Cortex,rs2310754,65937409,0.0841764,0.0927636,0.480488
Brain_Cortex,rs4255357,65934212,0.0841764,0.0927636,0.480488
Brain_Cortex,rs11208775,65944858,0.0841764,0.0927636,0.480488
Brain_Cortex,rs11208774,65944426,0.0841764,0.0927636,0.480488
Brain_Cortex,rs6690101,65948356,0.0850764,0.0922073,0.478049
Brain_Cortex,rs11208776,65946050,0.0850764,0.0922073,0.478049
Brain_Cortex,rs7534143,66004696,0.101942,0.0851799,0.456098
Brain_Cortex,rs7519259,65969060,0.102433,0.0865249,0.482927
Brain_Cortex,rs1937450,66013157,0.102796,0.0847362,0.453659
Brain_Cortex,rs11208779,65951462,0.103315,0.0860611,0.480488
Brain_Spinal_cord_cervical_c-1,rs2310752,65926722,0.107642,0.097312,0.428571
Brain_Cortex,rs2186120,65987480,0.116581,0.0847832,0.492683
Brain_Cortex,rs2310819,65974413,0.141948,0.0780138,0.482927
Brain_Cortex,rs1937433,65978500,0.141948,0.0780138,0.482927
Brain_Spinal_cord_cervical_c-1,rs2997084,65928049,0.144334,0.0850679,0.436508
Brain_Spinal_cord_cervical_c-1,rs1937455,65951256,0.163176,0.0809647,0.436508
Brain_Substantia_nigra,rs2997084,65928049,0.164047,-0.0889294,0.399123
Brain_Cortex,rs2503185,65995718,0.165164,-0.0738614,0.480488
Brain_Substantia_nigra,rs3009872,65945717,0.172962,-0.0876215,0.394737
Brain_Substantia_nigra,rs7528604,65941669,0.172962,-0.0876215,0.394737
Brain_Substantia_nigra,rs2310752,65926722,0.178134,-0.0867507,0.385965
Brain_Substantia_nigra,rs1937443,66003960,0.18697,0.0827342,0.399123
Brain_Spinal_cord_cervical_c-1,rs7528604,65941669,0.194825,0.0765674,0.43254
Brain_Spinal_cord_cervical_c-1,rs3009872,65945717,0.194825,0.0765674,0.43254
Brain_Substantia_nigra,rs6690398,65981711,0.208754,0.0810331,0.416667
Brain_Cerebellar_Hemisphere,rs2310752,65926722,0.2113,-0.0866338,0.42
Brain_Nucleus_accumbens_basal_ganglia,rs1937443,66003960,0.215556,0.0689827,0.40099
Brain_Spinal_cord_cervical_c-1,rs7547416,65953404,0.239021,-0.0680817,0.440476
Brain_Spinal_cord_cervical_c-1,rs6421482,65954222,0.239021,-0.0680817,0.440476
Brain_Nucleus_accumbens_basal_ganglia,rs2310752,65926722,0.246208,-0.0651984,0.383085
Brain_Nucleus_accumbens_basal_ganglia,rs6421482,65954222,0.293626,0.0588516,0.40099
Brain_Nucleus_accumbens_basal_ganglia,rs1937455,65951256,0.296836,-0.0585004,0.40099
Brain_Nucleus_accumbens_basal_ganglia,rs6690398,65981711,0.31235,0.056426,0.413366
Brain_Nucleus_accumbens_basal_ganglia,rs2997084,65928049,0.312561,-0.056225,0.391089
Brain_Cerebellar_Hemisphere,rs2503185,65995718,0.312937,-0.067907,0.488571
Brain_Nucleus_accumbens_basal_ganglia,rs7547416,65953404,0.317239,0.0561262,0.403465
Brain_Spinal_cord_cervical_c-1,rs1937443,66003960,0.318072,-0.057787,0.448413
Brain_Nucleus_accumbens_basal_ganglia,rs2503185,65995718,0.322801,-0.0552892,0.480198
Brain_Spinal_cord_cervical_c-1,rs6690398,65981711,0.325091,-0.056324,0.452381
Brain_Spinal_cord_cervical_c-1,rs2186122,66004523,0.325091,-0.056324,0.452381
Brain_Hippocampus,rs6690398,65981711,0.330148,-0.0384912,0.448485
Brain_Anterior_cingulate_cortex_BA24,rs6690101,65948356,0.341307,-0.0547976,0.496599
Brain_Anterior_cingulate_cortex_BA24,rs11208776,65946050,0.341307,-0.0547976,0.496599
Brain_Nucleus_accumbens_basal_ganglia,rs3009872,65945717,0.342199,-0.0532213,0.388614
Brain_Nucleus_accumbens_basal_ganglia,rs7528604,65941669,0.342199,-0.0532213,0.388614
Brain_Substantia_nigra,rs6421482,65954222,0.353927,0.0611914,0.403509
Brain_Cerebellar_Hemisphere,rs7528604,65941669,0.359961,-0.0628914,0.425714
Brain_Cerebellar_Hemisphere,rs3009872,65945717,0.359961,-0.0628914,0.425714
Brain_Cerebellar_Hemisphere,rs2997084,65928049,0.360579,-0.0621447,0.428571
Brain_Substantia_nigra,rs2186122,66004523,0.360853,0.0584329,0.412281
Brain_Cerebellar_Hemisphere,rs2186120,65987480,0.369452,0.0620177,0.471429
Brain_Cerebellar_Hemisphere,rs1937455,65951256,0.37164,-0.0606107,0.437143
Brain_Substantia_nigra,rs2310819,65974413,0.385802,0.0562121,0.495614
Brain_Substantia_nigra,rs11208779,65951462,0.385802,0.0562121,0.495614
Brain_Substantia_nigra,rs1937433,65978500,0.385802,0.0562121,0.495614
Brain_Nucleus_accumbens_basal_ganglia,rs2186120,65987480,0.387332,0.048452,0.492574
Brain_Spinal_cord_cervical_c-1,rs1937450,66013157,0.39004,-0.0493318,0.496032
Brain_Spinal_cord_cervical_c-1,rs7534143,66004696,0.39004,-0.0493318,0.496032
Brain_Cerebellar_Hemisphere,rs7519259,65969060,0.396179,0.0571765,0.485714
Brain_Substantia_nigra,rs11208776,65946050,0.396851,0.0548158,0.495614
Brain_Substantia_nigra,rs6690101,65948356,0.396851,0.0548158,0.495614
Brain_Nucleus_accumbens_basal_ganglia,rs2186122,66004523,0.397502,0.0467071,0.413366
Brain_Nucleus_accumbens_basal_ganglia,rs2310819,65974413,0.398669,0.0470936,0.482673
Brain_Nucleus_accumbens_basal_ganglia,rs1937433,65978500,0.398669,0.0470936,0.482673
Brain_Anterior_cingulate_cortex_BA24,rs11208774,65944426,0.399632,-0.0486642,0.5
Brain_Anterior_cingulate_cortex_BA24,rs2310754,65937409,0.399632,-0.0486642,0.5
Brain_Anterior_cingulate_cortex_BA24,rs11208775,65944858,0.399632,-0.0486642,0.5
Brain_Anterior_cingulate_cortex_BA24,rs4255357,65934212,0.399632,-0.0486642,0.5
Brain_Hippocampus,rs6421482,65954222,0.400038,-0.033818,0.433333
Brain_Anterior_cingulate_cortex_BA24,rs2186120,65987480,0.404118,-0.0484241,0.489796
Brain_Anterior_cingulate_cortex_BA24,rs7528604,65941669,0.404672,0.0494015,0.414966
Brain_Anterior_cingulate_cortex_BA24,rs3009872,65945717,0.404672,0.0494015,0.414966
Brain_Spinal_cord_cervical_c-1,rs2186120,65987480,0.406494,-0.0478014,0.480159
Brain_Cerebellar_Hemisphere,rs11208779,65951462,0.420487,0.0541283,0.488571
Brain_Cerebellar_Hemisphere,rs2310819,65974413,0.423169,0.0539661,0.485714
Brain_Cerebellar_Hemisphere,rs1937433,65978500,0.423169,0.0539661,0.485714
Brain_Nucleus_accumbens_basal_ganglia,rs11208779,65951462,0.428258,0.0440333,0.480198
Brain_Substantia_nigra,rs1937455,65951256,0.430655,-0.0523863,0.407895
Brain_Substantia_nigra,rs7547416,65953404,0.436174,0.051751,0.407895
Brain_Substantia_nigra,rs2503185,65995718,0.439955,-0.0501677,0.495614
Brain_Spinal_cord_cervical_c-1,rs2503185,65995718,0.441261,0.0445354,0.492063
Brain_Cerebellar_Hemisphere,rs1937443,66003960,0.445367,0.0514184,0.437143
Brain_Anterior_cingulate_cortex_BA24,rs6421482,65954222,0.453711,-0.0444196,0.411565
Brain_Anterior_cingulate_cortex_BA24,rs2310819,65974413,0.455284,-0.0425222,0.5
Brain_Anterior_cingulate_cortex_BA24,rs1937433,65978500,0.455284,-0.0425222,0.5
Brain_Nucleus_accumbens_basal_ganglia,rs7519259,65969060,0.458122,0.0412747,0.482673
Brain_Cerebellar_Hemisphere,rs4255357,65934212,0.46155,0.049778,0.491429
Brain_Cerebellar_Hemisphere,rs2310754,65937409,0.46155,0.049778,0.491429
Brain_Cerebellar_Hemisphere,rs11208774,65944426,0.46155,0.049778,0.491429
Brain_Cerebellar_Hemisphere,rs11208775,65944858,0.46155,0.049778,0.491429
Brain_Putamen_basal_ganglia,rs2503185,65995718,0.461727,-0.0402076,0.479412
Brain_Anterior_cingulate_cortex_BA24,rs11208779,65951462,0.462812,-0.0416335,0.496599
Brain_Substantia_nigra,rs7519259,65969060,0.471028,0.0469901,0.491228
Brain_Hippocampus,rs1937450,66013157,0.471553,-0.02832,0.475758
Brain_Hippocampus,rs1937443,66003960,0.479587,-0.0281143,0.436364
Brain_Putamen_basal_ganglia,rs11208775,65944858,0.480823,0.0390801,0.473529
Brain_Putamen_basal_ganglia,rs2310754,65937409,0.480823,0.0390801,0.473529
Brain_Putamen_basal_ganglia,rs4255357,65934212,0.480823,0.0390801,0.473529
Brain_Putamen_basal_ganglia,rs11208774,65944426,0.480823,0.0390801,0.473529
Brain_Substantia_nigra,rs11208775,65944858,0.483289,0.0456154,0.5
Brain_Substantia_nigra,rs4255357,65934212,0.483289,0.0456154,0.5
Brain_Substantia_nigra,rs2310754,65937409,0.483289,0.0456154,0.5
Brain_Substantia_nigra,rs11208774,65944426,0.483289,0.0456154,0.5
Brain_Cerebellar_Hemisphere,rs11208776,65946050,0.487489,0.0468443,0.494286
Brain_Cerebellar_Hemisphere,rs6690101,65948356,0.487489,0.0468443,0.494286
Brain_Anterior_cingulate_cortex_BA24,rs2997084,65928049,0.49246,0.0402506,0.418367
Brain_Cerebellar_Hemisphere,rs7547416,65953404,0.493115,0.0466963,0.44
Brain_Cerebellar_Hemisphere,rs2186122,66004523,0.494752,0.0458898,0.448571
Brain_Spinal_cord_cervical_c-1,rs2310754,65937409,0.498422,-0.0394806,0.492063
Brain_Spinal_cord_cervical_c-1,rs6690101,65948356,0.498422,-0.0394806,0.492063
Brain_Spinal_cord_cervical_c-1,rs4255357,65934212,0.498422,-0.0394806,0.492063
Brain_Spinal_cord_cervical_c-1,rs11208775,65944858,0.498422,-0.0394806,0.492063
Brain_Spinal_cord_cervical_c-1,rs11208776,65946050,0.498422,-0.0394806,0.492063
Brain_Spinal_cord_cervical_c-1,rs11208774,65944426,0.498422,-0.0394806,0.492063
Brain_Anterior_cingulate_cortex_BA24,rs2310752,65926722,0.500862,0.0402412,0.408163
Brain_Anterior_cingulate_cortex_BA24,rs1937450,66013157,0.503069,-0.0383514,0.469388
Brain_Anterior_cingulate_cortex_BA24,rs6690398,65981711,0.503438,-0.039336,0.421769
Brain_Putamen_basal_ganglia,rs7519259,65969060,0.519057,0.0346406,0.479412
Brain_Cerebellar_Hemisphere,rs6421482,65954222,0.519966,0.0437623,0.437143
Brain_Anterior_cingulate_cortex_BA24,rs2503185,65995718,0.523353,0.0364589,0.496599
Brain_Substantia_nigra,rs2186120,65987480,0.523456,0.0421944,0.486842
Brain_Anterior_cingulate_cortex_BA24,rs7547416,65953404,0.524546,-0.0378496,0.414966
Brain_Hippocampus,rs2186122,66004523,0.524736,-0.024977,0.448485
Brain_Caudate_basal_ganglia,rs2186122,66004523,0.526335,0.0334942,0.440722
Brain_Anterior_cingulate_cortex_BA24,rs1937455,65951256,0.527453,0.0374943,0.418367
Brain_Hippocampus,rs2997084,65928049,0.528924,0.025339,0.433333
Brain_Anterior_cingulate_cortex_BA24,rs7519259,65969060,0.531405,-0.0355779,0.5
Brain_Spinal_cord_cervical_c-1,rs7519259,65969060,0.556614,-0.0345468,0.488095
Brain_Spinal_cord_cervical_c-1,rs11208779,65951462,0.556614,-0.0345468,0.488095
Brain_Cerebellum,rs1937450,66013157,0.564026,-0.0330446,0.45933
Brain_Cerebellum,rs7534143,66004696,0.564026,-0.0330446,0.45933
Brain_Cerebellar_Hemisphere,rs7534143,66004696,0.56576,0.0386765,0.488571
Brain_Cerebellum,rs2310752,65926722,0.572551,-0.0335835,0.408654
Brain_Anterior_cingulate_cortex_BA24,rs7534143,66004696,0.575196,-0.0321897,0.472789
Brain_Spinal_cord_cervical_c-1,rs1937433,65978500,0.576136,-0.032309,0.484127
Brain_Spinal_cord_cervical_c-1,rs2310819,65974413,0.576136,-0.032309,0.484127
Brain_Cerebellar_Hemisphere,rs6690398,65981711,0.579683,0.0379884,0.448571
Brain_Hippocampus,rs7547416,65953404,0.580972,-0.0223041,0.436364
Brain_Putamen_basal_ganglia,rs6690101,65948356,0.592056,0.0295656,0.470588
Brain_Putamen_basal_ganglia,rs11208776,65946050,0.592056,0.0295656,0.470588
Brain_Cerebellar_Hemisphere,rs1937450,66013157,0.594364,0.0357649,0.485714
Brain_Cerebellum,rs4255357,65934212,0.59523,-0.0309165,0.485646
Brain_Cerebellum,rs6690101,65948356,0.59523,-0.0309165,0.485646
Brain_Cerebellum,rs2310754,65937409,0.59523,-0.0309165,0.485646
Brain_Cerebellum,rs11208774,65944426,0.59523,-0.0309165,0.485646
Brain_Cerebellum,rs11208776,65946050,0.59523,-0.0309165,0.485646
Brain_Cerebellum,rs11208775,65944858,0.59523,-0.0309165,0.485646
Brain_Hippocampus,rs7528604,65941669,0.598753,0.0213226,0.430303
Brain_Hippocampus,rs3009872,65945717,0.598753,0.0213226,0.430303
Brain_Cerebellum,rs7519259,65969060,0.600706,-0.0298457,0.485646
Brain_Cerebellum,rs11208779,65951462,0.600706,-0.0298457,0.485646
Brain_Hippocampus,rs1937455,65951256,0.601519,0.021164,0.439394
Brain_Anterior_cingulate_cortex_BA24,rs1937443,66003960,0.616024,-0.0285072,0.418367
Brain_Caudate_basal_ganglia,rs1937455,65951256,0.622405,-0.0265683,0.430412
Brain_Nucleus_accumbens_basal_ganglia,rs11208776,65946050,0.628733,0.0271478,0.470297
Brain_Nucleus_accumbens_basal_ganglia,rs6690101,65948356,0.628733,0.0271478,0.470297
Brain_Putamen_basal_ganglia,rs11208779,65951462,0.63056,0.0257019,0.476471
Brain_Cerebellum,rs2310819,65974413,0.63507,-0.0271749,0.488038
Brain_Cerebellum,rs1937433,65978500,0.63507,-0.0271749,0.488038
Brain_Substantia_nigra,rs1937450,66013157,0.635336,0.0305682,0.460526
Brain_Anterior_cingulate_cortex_BA24,rs2186122,66004523,0.642491,-0.0264132,0.42517
Brain_Putamen_basal_ganglia,rs1937443,66003960,0.642668,-0.0254076,0.4
Brain_Caudate_basal_ganglia,rs2997084,65928049,0.658161,-0.023669,0.420103
Brain_Putamen_basal_ganglia,rs2186120,65987480,0.661173,0.0237732,0.491176
Brain_Putamen_basal_ganglia,rs2310819,65974413,0.66129,0.0236138,0.479412
Brain_Putamen_basal_ganglia,rs1937433,65978500,0.66129,0.0236138,0.479412
Brain_Hippocampus,rs7534143,66004696,0.662228,-0.0172951,0.478788
Brain_Caudate_basal_ganglia,rs1937443,66003960,0.662476,0.0233878,0.427835
Brain_Caudate_basal_ganglia,rs7547416,65953404,0.665458,0.023294,0.430412
Brain_Nucleus_accumbens_basal_ganglia,rs2310754,65937409,0.665601,0.0242583,0.472772
Brain_Nucleus_accumbens_basal_ganglia,rs11208775,65944858,0.665601,0.0242583,0.472772
Brain_Nucleus_accumbens_basal_ganglia,rs4255357,65934212,0.665601,0.0242583,0.472772
Brain_Nucleus_accumbens_basal_ganglia,rs11208774,65944426,0.665601,0.0242583,0.472772
Brain_Amygdala,rs1937450,66013157,0.667353,-0.0277439,0.465116
Brain_Cerebellum,rs2503185,65995718,0.675481,0.0239968,0.483254
Brain_Hippocampus,rs1937433,65978500,0.682199,-0.0164371,0.490909
Brain_Hippocampus,rs2310819,65974413,0.682199,-0.0164371,0.490909
Brain_Caudate_basal_ganglia,rs2310752,65926722,0.68677,-0.0217461,0.409794
Brain_Hippocampus,rs2310752,65926722,0.709617,0.0148438,0.427273
Brain_Hypothalamus,rs1937450,66013157,0.715913,-0.0173506,0.467647
Brain_Hypothalamus,rs7534143,66004696,0.715913,-0.0173506,0.467647
Brain_Cerebellum,rs2186120,65987480,0.715981,-0.0211371,0.497608
Brain_Cerebellum,rs2997084,65928049,0.721443,-0.0209912,0.413876
Brain_Caudate_basal_ganglia,rs7528604,65941669,0.727658,-0.0188298,0.417526
Brain_Caudate_basal_ganglia,rs3009872,65945717,0.727658,-0.0188298,0.417526
Brain_Amygdala,rs11208774,65944426,0.737607,0.0219297,0.488372
Brain_Amygdala,rs2310754,65937409,0.737607,0.0219297,0.488372
Brain_Amygdala,rs4255357,65934212,0.737607,0.0219297,0.488372
Brain_Amygdala,rs11208775,65944858,0.737607,0.0219297,0.488372
Brain_Substantia_nigra,rs7534143,66004696,0.743656,0.0211688,0.464912
Brain_Hypothalamus,rs2997084,65928049,0.747038,-0.0156205,0.414706
Brain_Cerebellum,rs1937455,65951256,0.751317,-0.0183857,0.409091
Brain_Nucleus_accumbens_basal_ganglia,rs1937450,66013157,0.758612,0.017162,0.455446
Brain_Cerebellum,rs3009872,65945717,0.763055,-0.0178706,0.411483
Brain_Cerebellum,rs7528604,65941669,0.763055,-0.0178706,0.411483
Brain_Caudate_basal_ganglia,rs7534143,66004696,0.785638,0.0143709,0.484536
Brain_Hypothalamus,rs3009872,65945717,0.793668,-0.0127758,0.411765
Brain_Hypothalamus,rs7528604,65941669,0.793668,-0.0127758,0.411765
Brain_Amygdala,rs11208776,65946050,0.796423,0.0168087,0.484496
Brain_Amygdala,rs6690101,65948356,0.796423,0.0168087,0.484496
Brain_Nucleus_accumbens_basal_ganglia,rs7534143,66004696,0.79743,0.0143461,0.457921
Brain_Caudate_basal_ganglia,rs6690101,65948356,0.797798,-0.0135809,0.494845
Brain_Caudate_basal_ganglia,rs11208776,65946050,0.797798,-0.0135809,0.494845
Brain_Hippocampus,rs11208779,65951462,0.799194,-0.010171,0.493939
Brain_Hypothalamus,rs11208774,65944426,0.80364,-0.0117153,0.488235
Brain_Hypothalamus,rs11208775,65944858,0.80364,-0.0117153,0.488235
Brain_Hypothalamus,rs2310754,65937409,0.80364,-0.0117153,0.488235
Brain_Hypothalamus,rs4255357,65934212,0.80364,-0.0117153,0.488235
Brain_Hypothalamus,rs6690101,65948356,0.80364,-0.0117153,0.488235
Brain_Hypothalamus,rs11208776,65946050,0.80364,-0.0117153,0.488235
Brain_Caudate_basal_ganglia,rs6421482,65954222,0.811124,0.0128589,0.427835
Brain_Caudate_basal_ganglia,rs2310819,65974413,0.81333,-0.0123552,0.484536
Brain_Caudate_basal_ganglia,rs1937433,65978500,0.81333,-0.0123552,0.484536
Brain_Amygdala,rs7528604,65941669,0.826897,0.0143982,0.406977
Brain_Amygdala,rs3009872,65945717,0.826897,0.0143982,0.406977
Brain_Hypothalamus,rs2310752,65926722,0.826917,-0.0108069,0.414201
Brain_Amygdala,rs7534143,66004696,0.831268,-0.0138498,0.472868
Brain_Amygdala,rs7519259,65969060,0.833797,0.0137369,0.492248
Brain_Putamen_basal_ganglia,rs2186122,66004523,0.839214,-0.0109339,0.414706
Brain_Cerebellum,rs6421482,65954222,0.841,0.0116857,0.411483
Brain_Cerebellum,rs7547416,65953404,0.841,0.0116857,0.411483
Brain_Cerebellum,rs6690398,65981711,0.850785,0.011045,0.421053
Brain_Hippocampus,rs6690101,65948356,0.854951,-0.00734464,0.5
Brain_Hippocampus,rs11208776,65946050,0.854951,-0.00734464,0.5
Brain_Hypothalamus,rs6690398,65981711,0.86107,-0.00864848,0.432353
Brain_Putamen_basal_ganglia,rs1937455,65951256,0.865848,-0.00926582,0.408824
Brain_Putamen_basal_ganglia,rs7547416,65953404,0.865848,0.00926582,0.408824
Brain_Hypothalamus,rs2503185,65995718,0.877036,0.00732532,0.491176
Brain_Putamen_basal_ganglia,rs2997084,65928049,0.877573,-0.00850423,0.402941
Brain_Hippocampus,rs2186120,65987480,0.881405,-0.00619697,0.478788
Brain_Cerebellum,rs1937443,66003960,0.891721,0.00788482,0.413876
Brain_Putamen_basal_ganglia,rs2310752,65926722,0.892695,-0.00755257,0.391176
Brain_Amygdala,rs11208779,65951462,0.894017,0.00866816,0.488372
Brain_Caudate_basal_ganglia,rs2503185,65995718,0.895782,-0.00690792,0.487113
Brain_Hippocampus,rs2503185,65995718,0.900255,0.00501871,0.490909
Brain_Hypothalamus,rs1937433,65978500,0.900289,-0.00593356,0.494118
Brain_Hypothalamus,rs2310819,65974413,0.900289,-0.00593356,0.494118
Brain_Caudate_basal_ganglia,rs11208779,65951462,0.903171,-0.00634202,0.487113
Brain_Amygdala,rs2997084,65928049,0.910972,0.00732363,0.410853
Brain_Amygdala,rs7547416,65953404,0.911794,0.00744074,0.418605
Brain_Hippocampus,rs11208775,65944858,0.913295,0.00440675,0.49697
Brain_Hippocampus,rs11208774,65944426,0.913295,0.00440675,0.49697
Brain_Hippocampus,rs4255357,65934212,0.913295,0.00440675,0.49697
Brain_Hippocampus,rs2310754,65937409,0.913295,0.00440675,0.49697
Brain_Amygdala,rs1937443,66003960,0.918885,0.00657549,0.426357
Brain_Caudate_basal_ganglia,rs6690398,65981711,0.920953,0.00530757,0.438144
Brain_Hypothalamus,rs2186120,65987480,0.929512,-0.00423911,0.494118
Brain_Hypothalamus,rs2186122,66004523,0.930403,-0.00422462,0.429412
Brain_Putamen_basal_ganglia,rs1937450,66013157,0.932916,-0.00452766,0.447059
Brain_Caudate_basal_ganglia,rs1937450,66013157,0.934255,0.00434743,0.481959
Brain_Putamen_basal_ganglia,rs7534143,66004696,0.938517,0.00417013,0.45
Brain_Caudate_basal_ganglia,rs4255357,65934212,0.946905,-0.0035445,0.492268
Brain_Caudate_basal_ganglia,rs2310754,65937409,0.946905,-0.0035445,0.492268
Brain_Caudate_basal_ganglia,rs11208774,65944426,0.946905,-0.0035445,0.492268
Brain_Caudate_basal_ganglia,rs11208775,65944858,0.946905,-0.0035445,0.492268
Brain_Caudate_basal_ganglia,rs7519259,65969060,0.948066,0.00340144,0.484536
Brain_Amygdala,rs2310752,65926722,0.948264,0.0042598,0.403101
Brain_Cerebellum,rs2186122,66004523,0.951717,0.00349803,0.421053
Brain_Amygdala,rs6690398,65981711,0.952033,0.00402276,0.426357
Brain_Hypothalamus,rs6421482,65954222,0.957024,0.00268301,0.417647
Brain_Hypothalamus,rs7547416,65953404,0.957024,0.00268301,0.417647
Brain_Caudate_basal_ganglia,rs2186120,65987480,0.957302,-0.00283497,0.476804
Brain_Putamen_basal_ganglia,rs7528604,65941669,0.964115,-0.00249853,0.4
Brain_Putamen_basal_ganglia,rs3009872,65945717,0.964115,-0.00249853,0.4
Brain_Amygdala,rs2186120,65987480,0.967043,0.00272904,0.5
Brain_Hippocampus,rs7519259,65969060,0.971799,0.00142264,0.490909
Brain_Amygdala,rs6421482,65954222,0.973779,0.00219661,0.414729
Brain_Hypothalamus,rs1937443,66003960,0.973799,0.00158694,0.423529
Brain_Amygdala,rs2186122,66004523,0.974364,-0.00210614,0.434109
Brain_Amygdala,rs2310819,65974413,0.97944,0.00168615,0.492248
Brain_Amygdala,rs1937433,65978500,0.97944,0.00168615,0.492248
Brain_Hypothalamus,rs1937455,65951256,0.981711,-0.00114216,0.414706
Brain_Hypothalamus,rs11208779,65951462,0.982959,-0.00100167,0.491176
Brain_Hypothalamus,rs7519259,65969060,0.982959,-0.00100167,0.491176
Brain_Amygdala,rs2503185,65995718,0.990918,0.000754985,0.492248
Brain_Putamen_basal_ganglia,rs6690398,65981711,0.991814,-0.000560121,0.414706
Brain_Amygdala,rs1937455,65951256,0.996024,0.000337217,0.414729
Brain_Putamen_basal_ganglia,rs6421482,65954222,0.996163,0.000262801,0.405882
