file,bytes,sha256
GTEx_Analysis_v8_eQTL__Brain_Amygdala.v8.signif_variant_gene_pairs.txt.gz,5581658,9d05dbeaf4865713f40989ced7fd0021632d5e2143f0b281f0e572bc15e03fde
GTEx_Analysis_v8_eQTL__Brain_Anterior_cingulate_cortex_BA24.v8.signif_variant_gene_pairs.txt.gz,8930672,7452b7abe3f22770f38cf8be4590893086cc2ff68ce5a78aeabb0fc5751e447d
GTEx_Analysis_v8_eQTL__Brain_Caudate_basal_ganglia.v8.signif_variant_gene_pairs.txt.gz,16275212,9c1a30cd451ac2a8dc730379571961478f3d16fabf009399ada8890ba82b55dd
GTEx_Analysis_v8_eQTL__Brain_Cerebellar_Hemisphere.v8.signif_variant_gene_pairs.txt.gz,20535845,c59fe7d7f7d77aa7df6d9fcb19fc22d3658623b1b17f7b8e3f529470746bfd6e
GTEx_Analysis_v8_eQTL__Brain_Cerebellum.v8.signif_variant_gene_pairs.txt.gz,27253251,84ee03b29b2d6559b7cd4fd368be652fd35e40fb7b00c8405abd4215ebca9670
GTEx_Analysis_v8_eQTL__Brain_Cortex.v8.signif_variant_gene_pairs.txt.gz,19146328,8b4518817c841bf01b4ee4ccd69bbbfaf9b33a767d2342046770a7f53888ba2e
GTEx_Analysis_v8_eQTL__Brain_Frontal_Cortex_BA9.v8.signif_variant_gene_pairs.txt.gz,13389500,1cfac9c130161634cf9d94edb1b91d2c1ff0ae211da61ae55c5782160f1f54c3
GTEx_Analysis_v8_eQTL__Brain_Hippocampus.v8.signif_variant_gene_pairs.txt.gz,9239266,2aaa6c5b2a8a569029b5f62cf4eeafea7f6dd3db08cf051946ad6a50e63741bd
GTEx_Analysis_v8_eQTL__Brain_Hypothalamus.v8.signif_variant_gene_pairs.txt.gz,9650231,31e38752b311afd7ef2490efc3f7e1557a14a2b03aac7950883f76cc8b84677a
GTEx_Analysis_v8_eQTL__Brain_Nucleus_accumbens_basal_ganglia.v8.signif_variant_gene_pairs.txt.gz,16318628,3167e30491b26afdc7b17819573d635febdc26ea547b68fdae41d02fd542be31
GTEx_Analysis_v8_eQTL__Brain_Putamen_basal_ganglia.v8.signif_variant_gene_pairs.txt.gz,12055695,d23a6a0f875b7c8db106b29bc1a6a2454648a08bd2a9b64d266d9213a0b0d6d7
GTEx_Analysis_v8_eQTL__Brain_Spinal_cord_cervical_c-1.v8.signif_variant_gene_pairs.txt.gz,6864694,bc6b09326d0647d2b7a96fb6ec278abf7d298dd1bb0c7c177032df00ffd18fbe
GTEx_Analysis_v8_eQTL__Brain_Substantia_nigra.v8.signif_variant_gene_pairs.txt.gz,4518655,599e0b4f09691fdbd9dcf5a4303357481890638e5b9fb84275d63abcf974d71d
GTEx_Analysis_v8_sQTL__Brain_Amygdala.v8.sgenes.txt.gz,1454152,670183c8f849bd7a6531321adf322dc589da16c25876f7528fd9cb933623d2a9
GTEx_Analysis_v8_sQTL__Brain_Amygdala.v8.sqtl_signifpairs.txt.gz,1863110,284a2bb853901096cf97d0522cb404ef4d7d67524895eb2dabe7b9c7959785d3
GTEx_Analysis_v8_sQTL__Brain_Anterior_cingulate_cortex_BA24.v8.sgenes.txt.gz,1503000,f40c6d2be65c9b075bff12f6f4530aa160e9bce893ed72aaa51471bac6926778
GTEx_Analysis_v8_sQTL__Brain_Anterior_cingulate_cortex_BA24.v8.sqtl_signifpairs.txt.gz,2799747,80bd3050ca209ab01b1f061f52865f4d4f0f29732ab285a85ba14e1553347ef5
GTEx_Analysis_v8_sQTL__Brain_Caudate_basal_ganglia.v8.sgenes.txt.gz,1518521,104a20e81f0fecef6b48471590602e019ddca89f9819a062ad8b8734680274ec
GTEx_Analysis_v8_sQTL__Brain_Caudate_basal_ganglia.v8.sqtl_signifpairs.txt.gz,4674566,58a84b4506c8ca8de885eb02cefde5dc70184712ad72d23b700caf827b578300
GTEx_Analysis_v8_sQTL__Brain_Cerebellar_Hemisphere.v8.sgenes.txt.gz,1467098,4703ad2247489ffcebb2b976a4820d991b15d4c63fafa8cbc1b83c57bf4810a0
GTEx_Analysis_v8_sQTL__Brain_Cerebellar_Hemisphere.v8.sqtl_signifpairs.txt.gz,6038666,a14e303bd4a78108bd728a41c7bd9fec9b5e4a62714267da5c9ba8270ffa9fd9
GTEx_Analysis_v8_sQTL__Brain_Cerebellum.v8.sgenes.txt.gz,1463863,3b0ac40f8f7bbd9b100153f50bfae59a2b1b25f672cc613ad6ffa21efd9a3eaf
GTEx_Analysis_v8_sQTL__Brain_Cerebellum.v8.sqtl_signifpairs.txt.gz,7439287,b08cce7963da37f4cd6ab7fded9042d573b9126468ce3a6ffb606ca62dcecf11
GTEx_Analysis_v8_sQTL__Brain_Cortex.v8.sgenes.txt.gz,1511990,402f62cff195dae5716ce14721433e511771fdbcf75d9df8d9b8ba1022fc8c48
GTEx_Analysis_v8_sQTL__Brain_Cortex.v8.sqtl_signifpairs.txt.gz,5279224,8851515edb08bd147e78eac2d7f806476b9890bf12b67678f1c00ad5162d126f
GTEx_Analysis_v8_sQTL__Brain_Frontal_Cortex_BA9.v8.sgenes.txt.gz,1514508,4c86c84e90b979310a567ff08ed0d089f8b223a5768d9d9c964c67337eac8a25
GTEx_Analysis_v8_sQTL__Brain_Frontal_Cortex_BA9.v8.sqtl_signifpairs.txt.gz,3966279,92e892771249648a6d34cd35d68f11311549e3f263b715f0465215e37795e5ba
GTEx_Analysis_v8_sQTL__Brain_Hippocampus.v8.sgenes.txt.gz,1466805,a0ba4b9230e6b46ae9406d9af31e1b68445c39f0fa4ab458a56288c059b54b89
GTEx_Analysis_v8_sQTL__Brain_Hippocampus.v8.sqtl_signifpairs.txt.gz,2976946,ccf38c8c8d5d0d0ff8cfc3b3b3ffbcf8fedbd227c3856ac312f191442959b0bd
GTEx_Analysis_v8_sQTL__Brain_Hypothalamus.v8.sgenes.txt.gz,1538270,37b12ec6fc9b86df07215029a6b8a63bca477bcac5ed84e86674ece2b5eba7e6
GTEx_Analysis_v8_sQTL__Brain_Hypothalamus.v8.sqtl_signifpairs.txt.gz,3485835,f1ad2e4a768d9d7499258d647e0f26f09378dfb52e336929c1aa15ced17a43a9
GTEx_Analysis_v8_sQTL__Brain_Nucleus_accumbens_basal_ganglia.v8.sgenes.txt.gz,1532931,79e6592fb331e8bfe550213e2bdf2cb001c66633b68be4fe8bd9e95dbe900d73
GTEx_Analysis_v8_sQTL__Brain_Nucleus_accumbens_basal_ganglia.v8.sqtl_signifpairs.txt.gz,4912786,302e2a11a5add1ddecfd2e6e9d34a03e30b63b03213b6724d620c7aea9245813
GTEx_Analysis_v8_sQTL__Brain_Putamen_basal_ganglia.v8.sgenes.txt.gz,1439390,5076097275bca973b6dbf9e61f2ea3efbee44d2c13bbd0666079dd93bf8b586e
GTEx_Analysis_v8_sQTL__Brain_Putamen_basal_ganglia.v8.sqtl_signifpairs.txt.gz,3235699,ec1a2e09ae03b4c981afdc48b3e82939e8854ac6da9422f6fc5ddd72689868a5
GTEx_Analysis_v8_sQTL__Brain_Spinal_cord_cervical_c-1.v8.sgenes.txt.gz,1477113,bac6a015abc2c560d3d8815be4b10a32f804687d2a62d45175bd5d36cd612c17
GTEx_Analysis_v8_sQTL__Brain_Spinal_cord_cervical_c-1.v8.sqtl_signifpairs.txt.gz,2393325,25ca13c16bb545e76b14c3383c9d760a63d5f5c5425fa8357a4c0f8bfd7f9c0a
GTEx_Analysis_v8_sQTL__Brain_Substantia_nigra.v8.sgenes.txt.gz,1438485,d2325de7a5905dd37638114dceb9d0d184f63dccbc232488c81de54c578cb987
GTEx_Analysis_v8_sQTL__Brain_Substantia_nigra.v8.sqtl_signifpairs.txt.gz,1682554,5d3b765e2defacaaf1c2520a3bdc3404ac18ec24aecde96da8baffe2462bf53d
