phenotype_id,gene_name,gene_chr,gene_start,gene_end,strand,num_var,beta_shape1,beta_shape2,true_df,pval_true_df,variant_id,tss_distance,chr,variant_pos,ref,alt,num_alt_per_site,rs_id_dbSNP151_GRCh38p7,ma_samples,ma_count,maf,ref_factor,pval_nominal,slope,slope_se,pval_perm,pval_beta,gene_id,group_size,qval,pval_nominal_threshold,tissue
chr1:66266087:66332508:clu_34195:ENSG00000184588.17,PDE4B,chr1,65792514,66374579,+,7102,1.07753,643.589,65.8023,0.00180412,chr1_66110729_A_AAT_b38,318215,chr1,66110729,A,AAT,1,rs200688063,6,7,0.0271318,1,8.54071e-05,-0.14717,0.0359872,0.674983,0.656453,ENSG00000184588.17,4,0.814325,9.67331e-06,Brain_Amygdala
chr1:65918835:66247460:clu_36939:ENSG00000184588.17,PDE4B,chr1,65792514,66374579,+,7102,0.945451,755.469,81.4922,0.000777042,chr1_65001496_C_A_b38,-791018,chr1,65001496,C,A,1,rs11590463,8,8,0.0272109,1,3.84993e-05,0.141535,0.0331253,0.467102,0.471403,ENSG00000184588.17,5,0.734026,5.33652e-06,Brain_Anterior_cingulate_cortex_BA24
chr1:66355620:66361615:clu_41866:ENSG00000184588.17,PDE4B,chr1,65792514,66374579,+,7102,0.897721,281.765,76.2976,0.00038973,chr1_66179320_T_C_b38,386806,chr1,66179320,T,C,1,rs72922366,9,9,0.0231959,1,1.23493e-07,-0.155589,0.0281687,0.135234,0.136058,ENSG00000184588.17,5,0.351955,1.85368e-05,Brain_Caudate_basal_ganglia
chr1:65793248:65913245:clu_43667:ENSG00000184588.17,PDE4B,chr1,65792514,66374579,+,7102,0.935123,796.093,95.4053,0.00159165,chr1_65102192_A_T_b38,-690322,chr1,65102192,A,T,1,rs147276962,5,5,0.0142857,1,7.40707e-05,-0.152876,0.037507,0.739291,0.742575,ENSG00000184588.17,6,0.680954,1.1569e-05,Brain_Cerebellar_Hemisphere
chr1:66355620:66361615:clu_45933:ENSG00000184588.17,PDE4B,chr1,65792514,66374579,+,7102,0.851193,441.342,103.446,0.000222141,chr1_66258565_C_T_b38,466051,chr1,66258565,C,T,1,rs17459055,15,15,0.0358852,1,8.23782e-07,-0.105712,0.0207103,0.138145,0.140022,ENSG00000184588.17,6,0.2564,1.77026e-05,Brain_Cerebellum
chr1:65993142:66247460:clu_43029:ENSG00000184588.17,PDE4B,chr1,65792514,66374579,+,7102,1.00514,802.748,122.361,0.00128644,chr1_66692684_C_T_b38,900170,chr1,66692684,C,T,1,rs1325265,123,160,0.390244,1,9.35458e-05,-0.029017,0.00726006,0.641256,0.642004,ENSG00000184588.17,5,0.628417,1.40191e-05,Brain_Cortex
chr1:66355620:66361615:clu_40033:ENSG00000184588.17,PDE4B,chr1,65792514,66374579,+,7102,0.615255,18.5079,21.416,0.0189471,chr1_64833288_C_T_b38,-959226,chr1,64833288,C,T,1,rs9128,2,2,0.00571429,1,3.58087e-10,-0.370691,0.0551775,0.459174,0.515471,ENSG00000184588.17,5,0.665521,1.85724e-05,Brain_Frontal_Cortex_BA9
chr1:65993142:66247460:clu_38035:ENSG00000184588.17,PDE4B,chr1,65792514,66374579,+,7102,0.947547,518.252,78.668,0.00274788,chr1_65997526_A_G_b38,205012,chr1,65997526,A,G,1,rs2503184,27,27,0.0818182,1,6.32306e-05,-0.0741853,0.0179833,0.759484,0.777188,ENSG00000184588.17,6,0.747642,8.44337e-06,Brain_Hippocampus
chr1:66354894:66355527:clu_40833:ENSG00000184588.17,PDE4B,chr1,65792514,66374579,+,7102,0.926045,669.212,84.9043,0.000551565,chr1_65609208_A_G_b38,-183306,chr1,65609208,A,G,1,rs77248581,12,13,0.0382353,1,6.19181e-06,0.102166,0.0217734,0.332227,0.344735,ENSG00000184588.17,6,0.630546,6.34615e-06,Brain_Hypothalamus
chr1:66355620:66361615:clu_42867:ENSG00000184588.17,PDE4B,chr1,65792514,66374579,+,7102,0.6894,96.0966,59.3918,0.00690018,chr1_66596052_A_T_b38,803538,chr1,66596052,A,T,1,rs115927722,6,6,0.0148515,1,2.91365e-06,-0.15638,0.0323617,0.598684,0.646765,ENSG00000184588.17,6,0.663391,1.0697e-05,Brain_Nucleus_accumbens_basal_ganglia
chr1:65993142:66247460:clu_37315:ENSG00000184588.17,PDE4B,chr1,65792514,66374579,+,7102,0.949784,296.179,78.6313,0.00349196,chr1_65435662_C_T_b38,-356852,chr1,65435662,C,T,1,rs113256767,6,6,0.0176471,1,7.12807e-05,-0.148138,0.0362208,0.665559,0.666421,ENSG00000184588.17,3,0.708507,1.7773e-05,Brain_Putamen_basal_ganglia
chr1:66355620:66361615:clu_36365:ENSG00000184588.17,PDE4B,chr1,65792514,66374579,+,7102,0.900721,304.156,43.9705,0.000736513,chr1_65054378_T_C_b38,-738136,chr1,65054378,T,C,1,rs140948920,3,3,0.0119048,1,2.86514e-07,-0.308556,0.0560938,0.235087,0.243501,ENSG00000184588.17,6,0.60447,9.22464e-06,Brain_Spinal_cord_cervical_c-1
chr1:66332620:66355527:clu_32760:ENSG00000184588.17,PDE4B,chr1,65792514,66374579,+,7102,0.888166,160.073,36.8689,0.0053062,chr1_65145961_C_T_b38,-646553,chr1,65145961,C,T,1,rs186289667,5,5,0.0219298,1,1.37165e-05,-0.224614,0.0487874,0.607035,0.625344,ENSG00000184588.17,3,0.822377,1.08958e-05,Brain_Substantia_nigra
