rsid,chr,pos_GRCh38,alleles_ref_alt,source_gene,maf
rs79295522,3,40076179,A/C,MYRIP,0.4994
rs9865331,3,172661181,A/G,SPATA16,0.101
rs4985699,17,17114559,C/A,MPRIP,0.4994
rs6917176,6,151208141,A/G,MTHFD1L,0.0611
rs1836824,2,132466559,A/C,C2orf27A,0.2516
rs3004064,6,39863227,T/A,DAAM2-AS1,0.3758
rs6455791,6,162418533,G/A,PRKN,0.4569
rs1113706,8,95456156,G/A,CFAP418-AS1,0.1818
rs62352324,4,183307669,A/C,TENM3,0.3031
rs58452744,17,69109363,G/A,ABCA6,0.0937
rs60523764,6,152518940,T/C,SYNE1,0.0505
rs10194883,2,120115016,C/A,C2orf76,0.4916
rs35411874,12,97599624,T/C,LOC105369928,0.0517
rs6701954,1,21695683,T/A,USP48,0.482
rs34643755,2,210311560,C/A,MAP2,0.1543
rs9876871,3,36812570,C/A,LOC105377029,0.4415
rs17065997,8,3375081,C/T,CSMD1,0.1833
rs10428070,3,77166739,A/C,ROBO2,0.195
rs73693033,8,87110528,G/A,CNBD1,0.0511
rs1980633,10,100926834,C/G,SLF2,0.3246
rs12510701,4,170121257,G/A,SH3RF1,0.4982
rs6678257,1,101809877,A/C,OLFM3,0.4927
rs9570917,13,63483841,A/C,LOC124903236,0.1251
rs7294838,12,93680710,T/A,LOC643339,0.4177
rs4278599,12,71309063,G/A,PTPRR,0.2714
rs10818812,9,126129904,C/T,CRB2,0.2839
rs1886309,20,14937133,T/A,MACROD2,0.4663
rs73918285,20,62550486,T/C,CRMA,0.0731
rs10987771,9,101571684,T/C,GALNT12,0.2704
rs7020516,9,18966247,G/C,SAXO1,0.2211
rs8078276,17,14051408,C/T,COX10-DT,0.0571
rs5017562,1,245216212,A/C,KIF26B,0.3792
rs2711674,12,60127167,C/A,SLC16A7,0.1274
rs4953482,2,47479167,C/A,EPCAM-DT,0.3613
rs6792409,3,69514573,G/A,FRMD4B,0.1829
